amount_p,category,id,forever_name,h1,h2,description,price,price_old,discount5,discount15,discount30,image3
1,???????,1000,815-ALOE-VERA-GEL,Forever Aloe Vera Gel,??? ?? ???? ????,"??? ?????????? ?? ??? 99,7% ???? ??? ?? ???????????? ?? ??????? ?? ???? ???? ???????????, ????? ?? ????? ?? ????????????????? ???????.",61.92 ??.,59.54 ??.,58.83 ??.,52.63 ??.,43.35 ??.,https://iglika.me/products_img/Product_details_JPG/1000b.jpg
2,???????,1001,836-FOREVER-ALOE-MANGO,Forever Aloe Mango,???? ?????,?????????? ????????????????? ?? ??????? ? 86% ????? ???? ???? ? ????? ????!,61.92 ??.,59.54 ??.,58.83 ??.,52.63 ??.,43.35 ??.,https://iglika.me/products_img/Product_details_JPG/1001b.jpg
3,???????,1075,877-ALOE-PEACH,Forever Aloe Peaches,???? ? ????????,????????? ?????????????? ?? ? 84.5%  ????? ???? ???? ? ????? ????????.,61.92 ??.,59.54 ??.,58.83 ??.,52.63 ??.,43.35 ??.,https://iglika.me/products_img/Product_details_JPG/1075b.jpg
4,???????,1002,834-ALOE-BERRY-NECTAR,Forever Aloe Berry Nectar,???? ???? ??????," 90,7% ???? ??? ?? ???? ???? ???? ????????? ??????? ??????????? ?? ???????? ?? ?????? ??????!",61.92 ??.,59.54 ??.,58.83 ??.,52.63 ??.,43.35 ??.,https://iglika.me/products_img/Product_details_JPG/1002b.jpg
5,???????,1117,8154-ALOE-GEL-4-PACK,Forever Aloe Vera Gel 4-Pack,???????? ????? - ??? ?? ????,"???????? ????? ?? ??????? ??? ? ???? ???? ?? ???????! ???????? ?????????????? ? ?????????, ??????? ? ????????? ? ????????? ??????? ?? ????? ?????.",247.72 ??.,247.72 ??.,235.33 ??.,210.56 ??.,173.40 ??.,https://iglika.me/products_img/Product_details_JPG/1117b.jpg
6,???????,1118,8234-FANCY-4-PACK,Forever Aloe Combo 4-Pack,???????? ????? - ???? ???????,"????? ? ???????? ??????????? ???? ??????? ?? ??????? ? ??? ??????? – ??? ?? ???? ????, ???? ???? ??????, ???? ????? ? ???? ? ????????. ",247.72 ??.,247.72 ??.,235.33 ??.,210.56 ??.,173.40 ??.,https://iglika.me/products_img/Product_details_JPG/1118b.jpg
7,???????,1119,8344-ALOE-BERRY-4-PACK,Forever Aloe Berry Nectar 4-Pack,???????? ????? - ???? ???? ??????,"???????? ????? ? ??????????? ???? ???? ??????. ????????? ??????????????, ????????? ? ????????????? ???????, ???? ?? ????????? ????????? ?? ????? ?????.",247.72 ??.,247.72 ??.,235.33 ??.,210.56 ??.,173.40 ??.,https://iglika.me/products_img/Product_details_JPG/1119b.jpg
8,???????,1120,8364-ALOE-MANGO-4-PACK,Forever Aloe Mango 4-Pack,???????? ????? - ???? ?????,"???????? ????? ? ?????????? ???? ????? ??????? ?? ???????. ??????, ????????? ? ? ?????? ????? ?? ?????? ??? ???? ????. ????????? ?? ?????????? ?? ????? ?????.",247.72 ??.,247.72 ??.,235.33 ??.,210.56 ??.,173.40 ??.,https://iglika.me/products_img/Product_details_JPG/1120b.jpg
9,???????,1121,8774-ALOE-PEACHES-4-PACK,Forever Aloe Peaches 4-Pack,???????? ????? - ???? ? ????????,???????? ????? ? ?????????? ??????? ???? ? ????????. ?????? ??????????? ??????? ?????????? ?? ????? ?????.,247.72 ??.,247.72 ??.,235.33 ??.,210.56 ??.,173.40 ??.,https://iglika.me/products_img/Product_details_JPG/1121b.jpg
10,???????,1006,71612-ALOE-VERA-GEL-330ML-12-PACK,Forever Aloe Vera Gel mini,??? ?? ???? ???? ????,"??? ?????????? ?? ??? 99,7% ???? ??? ?? ???????????? ?? ??????? ?? ???? ???? ???????????, ????? ?? ????? ?? ????????????????? ???????. ???? ? ???? ???????? 12 ???? ? 330??!",247.64 ??.,238.12 ??.,235.26 ??.,210.50 ??.,173.35 ??.,https://iglika.me/products_img/Product_details_JPG/1006b.jpg
11,???????,1007,77812-ALOE-PEACHES-330ML-PACK-OF-12,Forever Aloe Peaches mini,???? ???????? ????,"84,5% ???? ??? ?? ???? ????, ???????? ? ????????? ???? ? ?????? ?? ????????! ???? ? ???? ???????? 12 ???? ? 330??!",247.64 ??.,238.12 ??.,235.26 ??.,210.50 ??.,173.35 ??.,https://iglika.me/products_img/Product_details_JPG/1007b.jpg
12,???????,1008,73512-ALOE-BERRY-NECTAR-330ML,Forever Aloe Berry Nectar mini,???? ???? ?????? ????,"90,7% ???? ??? ?? ???? ???? ???? ????????? ??????? ??????????? ?? ???????? ?? ?????? ??????! ???? ? ???? ???????? 12 ???? ? 330??!",247.64 ??.,238.12 ??.,235.26 ??.,210.50 ??.,173.35 ??.,https://iglika.me/products_img/Product_details_JPG/1008b.jpg
13,???????,1010,200-ALOE-BLOSSOM-HERBAL-TEA,Aloe Blossom Herbal Tea,?????? ??? ? ???????? ?? ????,"???????????? ???? ?? ?????, ????? ? ?????????, ????? ???? ?? ?? ????????? ?????? ??? ????????.",43.06 ??.,40.06 ??.,40.91 ??.,36.60 ??.,30.15 ??.,https://iglika.me/products_img/Product_details_JPG/1010b.jpg
14,???????,1009,196-FOREVER-FREEDOM,Forever Freedom,??????? ???????," ???? ??????? ?? ?????? ? ?????? ???????????? ?? 89% ???? ??? ?? ???? ????, ????? ??????? ?? ?????????? ?? ???????????? ??????? ??????? ?? ?????? ????.",84.61 ??.,81.36 ??.,80.38 ??.,71.92 ??.,59.23 ??.,https://iglika.me/products_img/Product_details_JPG/1009b.jpg
15,???????,1076,822-FAB-X-ENERGY-DRINK,FAB X Forever Active Boost,??? ? ??????? ????? ?????,??????? ??????? ????? ???? ?? ? ??? ?.,8.92 ??.,8.58 ??.,8.48 ??.,7.58 ??.,6.25 ??.,https://iglika.me/products_img/Product_details_JPG/1076b.jpg
16,???????,1011,821-FAB-ENERGY-DRINK,FAB Forever Active Boost,???- ????????? ???????,"FAB Forever Active Boost ? ????? ?? ???????? B2, B3, B6 ? B12. ?????? ?? ???????????? ?? ?????????? ??????? ?? ???????? ??????? ? ???????? ???????.",8.92 ??.,8.58 ??.,8.48 ??.,7.58 ??.,6.25 ??.,https://iglika.me/products_img/Product_details_JPG/1011b.jpg
17,???????,1012,068-FIELDS-OF-GREENS,"Fields of Greens
",?????? ????,"Fields of Greens ? ??????? ???????? ?? ""?????? ?????"" ? ?????????????.",28.58 ??.,27.48 ??.,27.15 ??.,24.29 ??.,20.01 ??.,https://iglika.me/products_img/Product_details_JPG/1012b.jpg
18,???????,1078,672-ABSORBENT-D,Forever Absorbent-D,?????????-?,"???????? ?????? ?? ?????????-D – ?????? ?????????? ???????, ????????? ??????? D ? ???????? ?? ??????? ? ???????????? ?? ?????????.",33.91 ??.,32.61 ??.,32.22 ??.,28.83 ??.,23.74 ??.,https://iglika.me/products_img/Product_details_JPG/1078b.jpg
19,???????,1013,048-ABSORBENT-C,Absorbent-C,?????????-?,"????????, ?? ?? ??????? ?? ?????? ?? ???????????????? ?????? ???? ?? ??????? ? ?? ????? ? ?????? ?????.",41.66 ??.,40.06 ??.,39.58 ??.,35.41 ??.,29.16 ??.,https://iglika.me/products_img/Product_details_JPG/1013b.jpg
20,???????,1014,376-FOREVER-SUPER-ARCTIC-SEA,Forever Arctic Sea,?????????? ????,"????????, ?? ?? ??????? ??????????? ?????????? ?? ?????-3 ?????? ????????.",78.13 ??.,72.68 ??.,74.22 ??.,66.41 ??.,54.69 ??.,https://iglika.me/products_img/Product_details_JPG/1014b.jpg
21,???????,1015,473-FORVER-ARGI-POUCH,Argi+,????,"????????? ?? ?????? ?? L-???????, ????? ?????????????, ?? ?????? ? ?????? ?????.",163.11 ??.,156.84 ??.,154.96 ??.,138.65 ??.,114.18 ??.,https://iglika.me/products_img/Product_details_JPG/1015b.jpg
22,???????,1016,188-FOREVER-B-12-PLUS,Forever B12 Plus,??????? B12 ????,??????? B12 ???? ? ??????? ?????????? ?? ??????? ?12 ? ??????? ???????? ??? ??????? ? ?????????? ?????????????. ,36.92 ??.,35.50 ??.,35.07 ??.,31.38 ??.,25.84 ??.,https://iglika.me/products_img/Product_details_JPG/1016b.jpg
23,???????,1017,026-FOREVER-BEE-POLLEN,Forever Bee Pollen,?????? ??????,"??? ?????????? ?? ???? ?????? ??????, ?????????? ? ??? ? ?????? ???????.",36.31 ??.,34.91 ??.,34.49 ??.,30.86 ??.,25.41 ??.,https://iglika.me/products_img/Product_details_JPG/1017b.jpg
24,???????,1018,027-FOREVER-BEE-PROPOLIS,Forever Bee Propolis,?????? ????????,"????????? ???????? ????????? ???? ?? ?????????, ??????? ?????????? ?????????? ?????????? ? ? ???????? ?? ??????????.",75.59 ??.,72.68 ??.,71.81 ??.,64.25 ??.,52.91 ??.,https://iglika.me/products_img/Product_details_JPG/1018b.jpg
25,???????,1026,036-FOREVER-ROYAL-JELLY,Forever Royal Jelly,?????? ???????,"??????? ?????????? ????????, ?????? ????????, ????????? ????, ????????????? ? ???????? ?? ???????? ?? ????????.",78.60 ??.,75.58 ??.,74.67 ??.,66.81 ??.,55.02 ??.,https://iglika.me/products_img/Product_details_JPG/1026b.jpg
26,???????,1114,207-FOREVER-BEE-HONEY,Forever Bee Honey,?????? ???,?????? ???????????? ?? ????? ???????? ????????.,39.89 ??.,38.36 ??.,37.90 ??.,33.91 ??.,27.93 ??.,https://iglika.me/products_img/Product_details_JPG/1114b.jpg
27,???????,1019,206-FOREVER-CALCIUM,Forever Calcium,??????? ??????,"???????? ?? ?? ??????? ??????, ??????? D ? ?? ??????? ?? ???????????? ?? ?????????? ?????? ?? ???????.",57.14 ??.,54.94 ??.,54.28 ??.,48.57 ??.,40.00 ??.,https://iglika.me/products_img/Product_details_JPG/1019b.jpg
28,???????,1020,065-GARLIC---TYME,Forever Garlic-Thyme,????? ? ???????,???????? ?????? ????? ?? ?????? ? ????????? ? ????.,43.46 ??.,41.79 ??.,41.29 ??.,36.94 ??.,30.42 ??.,https://iglika.me/products_img/Product_details_JPG/1020b.jpg
29,???????,1021,355-FOREVER-IMMUBLEND,Forever Immublend,??????? ????????,"?????????? ?????????? ??????? ?? ???????? ?? ????????? ? ???????????????????, ??????????, ???? ??????? ? ???????, ???????? D, C ? ????. ",63.70 ??.,61.25 ??.,60.52 ??.,54.15 ??.,44.59 ??.,https://iglika.me/products_img/Product_details_JPG/1021b.jpg
30,???????,1116,659-DX-4,DX4™ Body Balancing System,DX4™ ??????????? ????????,"???????????? ???????, ????? ?? ?????? ?? ??????????? ?????? ? ??? ??!",333.32 ??.,320.50 ??.,316.65 ??.,283.32 ??.,233.32 ??.,https://iglika.me/products_img/Product_details_JPG/1116b.jpg
31,???????,1099,622-FOREVER-FOCUS,Forever Focus,??????? ?????,????????????? ???? ???? ?? ? ??????? ?????. ,198.83 ??.,191.18 ??.,188.89 ??.,169.00 ??.,139.18 ??.,https://iglika.me/products_img/Product_details_JPG/1099b.jpg
32,???????,1100,551-FOREVER-MOVE,Forever Move,??????? ???,??????? ?? ???????? ? ??????????? ???????????? ?? ??????? ??!,148.82 ??.,143.10 ??.,141.38 ??.,126.50 ??.,104.18 ??.,https://iglika.me/products_img/Product_details_JPG/1100b.jpg
33,???????,1101,610-FOREVER-ACTIV-PRO-B,Forever Active Pro-B,??????? ????? ???-?,??????????? ??????????? ?????????? ?? ???? ???????? ???????? ??????????? ????.,87.48 ??.,84.12 ??.,83.11 ??.,74.36 ??.,61.24 ??.,https://iglika.me/products_img/Product_details_JPG/1101b.jpg
34,???????,1102,354-FOREVER-KIDS,Forever Kids,??????? ????,??????? ???????? ? ???????? ? ????????.,33.35 ??.,32.07 ??.,31.69 ??.,28.35 ??.,23.35 ??.,https://iglika.me/products_img/Product_details_JPG/1102b.jpg
35,???????,1103,439-FOREVER-DAILY,Forever Daily,??????? ?????,M??????????? ? ???????? ???-???????????? ??????? ?? ???????? ????????? ?? ??????????. ,49.43 ??.,47.53 ??.,46.96 ??.,42.02 ??.,34.60 ??.,https://iglika.me/products_img/Product_details_JPG/1103b.jpg
36,???????,1104,037-NATURE-MIN,Nature-Min,??????-???,"??????? ??????-??? ??????? ??? 10 ?????????? ???????? ? ?????????????, ????????? ?? ?????????? ?????? ?? ???????? ???? ? ?????? ????????.",43.46 ??.,41.79 ??.,41.29 ??.,36.94 ??.,30.42 ??.,https://iglika.me/products_img/Product_details_JPG/1104b.jpg
37,???????,1105,072-FOREVER-LYCIUM-PLUS,Forever Lycium Plus,??????? ?????? ????,"??-???????? ???? ????? ????, ???????? ? ?????? ???????? „?? ?????“ ? ????? ????? ????????????.",78.60 ??.,75.58 ??.,74.67 ??.,66.81 ??.,55.02 ??.,https://iglika.me/products_img/Product_details_JPG/1105b.jpg
38,???????,1085,676-FOREVER-TURM,Forever AloeTurm,??????? ???????? ,"?????????? ??????? ??? ???? ???? ?? ?????, ????? ????? ?? ????????? ? ?????? ?? ? ???????? ???????, ???? ???? ? ????.",15.50 ??.,14.90 ??.,14.72 ??.,13.17 ??.,10.85 ??.,https://iglika.me/products_img/Product_details_JPG/1085b.jpg
39,???????,1122,67610-FOREVER-TURM-10-PACK,Forever AloeTurm 10-pack,??????? ???????? ????? ?? 10??.,??????? ????? ?? 10 ???????? ????????.,147.00 ??.,147.00 ??.,139.65 ??.,124.95 ??.,102.90 ??.,https://iglika.me/products_img/Product_details_JPG/1122b.jpg
40,???????,1022,566-FOREVER-IMMUNE-GUMMY,Forever Immune Gummy,??????? ????? ????,"???????? ??????? ? ?????????? ????, ????? ?????????? ?????????? ?? 10 ???????? ? ???? ??????.",88.08 ??.,84.69 ??.,83.67 ??.,74.87 ??.,61.65 ??.,https://iglika.me/products_img/Product_details_JPG/1022b.jpg
41,???????,1023,624-FOREVER-IVISION,Forever iVision,??????? ???????,"??????? ?????????? ?? ????????????? ? ????? ?????????? ????????, ????? ?? ?????? ?? ?????????? ??????????? ?????? ?? ?????. ",86.13 ??.,80.12 ??.,81.82 ??.,73.21 ??.,60.29 ??.,https://iglika.me/products_img/Product_details_JPG/1023b.jpg
42,???????,1097,312-FOREVER-CARDIOHEALTH,Forever CardioHealth,??????? ?????? ??????,"??????? ?????????? ??????? ? ??????? Q10 ? ????????? ???????????? ???????, ????????? ?? ?????????? ? ???? ?? ???? ?? ???????.",73.83 ??.,68.68 ??.,70.14 ??.,62.76 ??.,51.68 ??.,https://iglika.me/products_img/Product_details_JPG/1097b.jpg
43,???????,1098,264-FOREVER-ACTIVE-HA,Forever Active HA,??????? ??????? ??,???????? ????? ?? ??????????? ???????? ? ????? ??????????? ?????.,72.04 ??.,69.27 ??.,68.44 ??.,61.23 ??.,50.43 ??.,https://iglika.me/products_img/Product_details_JPG/1098b.jpg
44,???????,1024,613-FOREVER-MARINE-COLLAGEN,Forever Marine Collagen,??????? ?????? ???????,"??????????????? ?????? ???????,  ??????? ?? ???????????? ?? ??????, ??????????? ? ???????? ?.",194.63 ??.,187.14 ??.,184.89 ??.,165.43 ??.,136.24 ??.,https://iglika.me/products_img/Product_details_JPG/1024b.jpg
45,???????,1025,215-FOREVER-MULTI-MACA,Forever Multi-Maca,??????? M????-????," ??????? ?????????? ???????? ???? ?? ??????, ??????? ? ??????.",63.11 ??.,60.68 ??.,59.95 ??.,53.64 ??.,44.18 ??.,https://iglika.me/products_img/Product_details_JPG/1025b.jpg
46,???????,1028,374-VITOLIZE-MEN,Vitolize men,???????? ?? ????,"??????? ?????????? ?? ?????, ????????, ???????? ??????????? ????.",73.83 ??.,68.68 ??.,70.14 ??.,62.76 ??.,51.68 ??.,https://iglika.me/products_img/Product_details_JPG/1028b.jpg
47,???????,1029,375-VITOLIZE-WOMEN,Vitolize women,???????? ?? ???,"?????? ?? ??????, ????? ????????? ?? ?????????? ?????????? ??????? ? ??????? ????????.",75.59 ??.,72.68 ??.,71.81 ??.,64.25 ??.,52.91 ??.,https://iglika.me/products_img/Product_details_JPG/1029b.jpg
48,???????,1030,556-INFINITE-FIRMING-COMPLEX,Infinite by Forever firming complex,?????? ????????,"??? ?????????? ?? ??????? C, ????? ?????? ?? ?????????????? ???????? ?? ??????? ? ??????, ?????? ?? ?????????? ?? ?????? ???? ? ????, ? ???????????? ?????? ???????.",123.20 ??.,118.46 ??.,117.04 ??.,104.72 ??.,86.24 ??.,https://iglika.me/products_img/Product_details_JPG/1030b.jpg
49,????? ?? ??????,1123,673-LOGIC-KIT,Logic by Forever Skincare Kit,?????? ?? ???????,??????? ?? ????? ??? ???? ? ??????? ?? ???????. ??????? ?? ????????? ?? ??? ????????? ?????. ???????? ??? ??????? ?? ????? ???????? ? ????????!,163.56 ??.,,155.38 ??.,139.03 ??.,114.49 ??.,https://iglika.me/products_img/Product_details_JPG/1123b.jpg
50,????? ?? ??????,1124,668-LOGIC-GEL-BALANCING-ESSENCE,Logic by Forever Balancing Aloe Essence,??????????? ???? ??????? „??????“,??????? ?? ???????????? ? ???????????????? ?? ???????????? ? ?????? ? ??? 98% ???????? ?? ????????? ????????.,57.13 ??.,,54.27 ??.,48.56 ??.,39.99 ??.,https://iglika.me/products_img/Product_details_JPG/1124b.jpg
51,????? ?? ??????,1125,667-LOGIC-ALOE-GEL-CLEANSER,Logic by Forever Aloe Gel Cleanser,????????? ???? ??? „??????“,"?????, ?? ???????? ???????? ?? ?????? ?????? ????! ??????? ??? 96% ???????? ?? ????????? ????????.",59.51 ??.,,56.53 ??.,50.58 ??.,41.66 ??.,https://iglika.me/products_img/Product_details_JPG/1125b.jpg
52,????? ?? ??????,1126,669-LOGIC-ALOE-SOOTHING-GEL-MOISTU,Logic by Forever Soothing Gel Moisturizer,?????????? ?????????? ??? „??????“,????????????? ?????????? ???. ????????? ?????? ? ??? 94% ???????? ?? ????????? ????????.,63.11 ??.,,59.95 ??.,53.64 ??.,44.18 ??.,https://iglika.me/products_img/Product_details_JPG/1126b.jpg
53,????? ?? ??????,1127,701-VITAMIN-C-AND-BAKUCHIOL-COMBO,Forever Vitamin C™ and Forever Bakuchiol™ Duo,???????????? ? ??????????? ????? ?? ???? ??????? ??????? C ? ??????? ????????,??????????? ?????? ?? ?? ?????? ?? ????? ? ????? ?? ?????? ? ????? ????? - ??????? ??????? ? ? ??????? ????????.,223.13 ??.,,211.97 ??.,189.66 ??.,156.19 ??.,https://iglika.me/products_img/Product_details_JPG/1127b.jpg
54,????? ?? ??????,1128,686-FOREVER-VITAMIN-C,Forever Vitamin C™ Brightening Facial Milk,?????????????? ????? ?? ???? ??????? ??????? ?,???????? ????? ?? ?????? ? ???????????? ?? 6% ???????? ??????? ??????? C!,117.52 ??.,,111.64 ??.,99.89 ??.,82.26 ??.,https://iglika.me/products_img/Product_details_JPG/1128b.jpg
55,????? ?? ??????,1129,687-FOREVER-BAKUCHIOL,Forever Bakuchiol™ Nourishing Facial Milk,????????????? ????? ?? ???? ??????? ????????,????????? ?? ?????????? ?? ???????? ???????? ?? ???????? ? 1% ????????!,117.52 ??.,,111.64 ??.,99.89 ??.,82.26 ??.,https://iglika.me/products_img/Product_details_JPG/1129b.jpg
56,????? ?? ??????,1031,612-ALOE-ACTIVATOR-2018,Aloe activator,???? ?????????,"???? ??????? ??????? ??? 98% ??? ?? ???? ????, ????? ?? ????? ??????? ?? ???????????? ????. ",39.36 ??.,36.61 ??.,37.39 ??.,33.45 ??.,27.55 ??.,https://iglika.me/products_img/Product_details_JPG/1031b.jpg
57,????? ?? ??????,1032,561-AWAKENING-EYE-CREAM,Awakening eye cream,????????? ????????? ???? ,"???????????? ?? ??????? ? ??????? ?????????????? ?????? ????? ?????, ?????? ???????? ??????? ?? ?????, ?????? ? ????? ???????.",43.46 ??.,41.79 ??.,41.29 ??.,36.94 ??.,30.42 ??.,https://iglika.me/products_img/Product_details_JPG/1032b.jpg
58,????? ?? ??????,1033,560-BALANCING-TONER,Balancing toner,?????????? ?????,?????? ?? ?? ????????? pH ?? ?????? ? ?? ?? ???????? ????????? ??????? ???? ?????????? ?? ?????????? ????????.,51.77 ??.,49.78 ??.,49.18 ??.,44.01 ??.,36.24 ??.,https://iglika.me/products_img/Product_details_JPG/1033b.jpg
59,????? ?? ??????,1077,664-FOREVER-BIO-CELLULOSE-MASK-X3,Aloe Bio-Cellulose Mask,???? ???-???????? ?????,???? ???-??????????? ????? ?? ??????? ????????? ?????????? ? ?????????? ??????????? ? ???????????? ?????????? ? ????????? ????????.,75.59 ??.,72.68 ??.,71.81 ??.,64.25 ??.,52.91 ??.,https://iglika.me/products_img/Product_details_JPG/1077b.jpg
60,????? ?? ??????,1034,022-ALOE-LIPS-,Aloe lips,???? ????,???-??????? ??????? ????? ???????? ?????.,8.32 ??.,8.00 ??.,7.90 ??.,7.07 ??.,5.82 ??.,https://iglika.me/products_img/Product_details_JPG/1034b.jpg
61,????? ?? ??????,1035,238-FOREVER-ALOE-SCRUB,Aloe scrub,???? ??????????,????????? ?????????? ?? ???? ? ????.,37.52 ??.,36.08 ??.,35.65 ??.,31.89 ??.,26.27 ??.,https://iglika.me/products_img/Product_details_JPG/1035b.jpg
62,????? ?? ??????,1036,553-INFINITE-SKIN-CARE-KIT,Infinite by Forever,??????? ?? ???????,"?????????? ?? ?????? ?? ???? ?? ??????? ??????? ?? ???? ????? ? ??????, ?? ???????? ?????????? ?? ?????? ? ?? ????????? ????????? ??????? ?????.",416.67 ??.,400.64 ??.,395.83 ??.,354.17 ??.,291.67 ??.,https://iglika.me/products_img/Product_details_JPG/1036b.jpg
63,????? ?? ??????,1037,618-HYDRATING-SERUM,Hydrating serum,?????????? ?????,"??????? ?? ????? ?? ??????, ???????????? ?? ??????? ?????????? ??????????.",83.32 ??.,80.12 ??.,79.16 ??.,70.83 ??.,58.33 ??.,https://iglika.me/products_img/Product_details_JPG/1037b.jpg
64,????? ?? ??????,1038,555-INFINITE-FIRMING-SERUM,Infinite by Forever firming serum,??????? ?????? ?????,"??????? ???????????? ??????? ? ??????, ?? ?? ??????? ?????????? ? ?? ?????? ??????? ?? ???? ????? ? ??????",123.81 ??.,119.05 ??.,117.62 ??.,105.24 ??.,86.67 ??.,https://iglika.me/products_img/Product_details_JPG/1038b.jpg
65,????? ?? ??????,1039,554-INFINITE-HYDRATING-CLEANSER,Infinite by Forever hydrating cleanser,?????????? ????????? ??????,"????????? ??????, ????? ?????? ?????????? ? ????????? ??? ?? ????????.",62.51 ??.,60.11 ??.,59.39 ??.,53.14 ??.,43.76 ??.,https://iglika.me/products_img/Product_details_JPG/1039b.jpg
66,????? ?? ??????,1040,558-INFINITE-RESTORING-CREAM,Infinite by Forever restoring creme,????????????? ????," ????????? ?? ? ??????, ???? ? ?????? ??????????? ? ??????.",138.08 ??.,132.77 ??.,131.18 ??.,117.37 ??.,96.66 ??.,https://iglika.me/products_img/Product_details_JPG/1040b.jpg
67,????? ?? ??????,1106,653-REPLENISHING-SKIN-OIL,Replenishing Skin Oil,????????????? ????? ?? ????,??????????????? ????? ?? ???? ? ???? ??????? ??? ????????.,72.04 ??.,69.27 ??.,68.44 ??.,61.23 ??.,50.43 ??.,https://iglika.me/products_img/Product_details_JPG/1106b.jpg
68,????? ?? ??????,1107,651-DEEP-MOISTURIZING-CREAM,Deep moisturizing cream,??????? ?????????? ????,????? ?????????? ?? ???? ????? ????. ???? ???? ? ???? ??? ??????. ,79.18 ??.,76.13 ??.,75.22 ??.,67.30 ??.,55.42 ??.,https://iglika.me/products_img/Product_details_JPG/1107b.jpg
69,????? ?? ??????,1108,069-R3-FACTOR-SKIN-CREME,R3 Factor,R3 ??????,"?????????, ???????????? ? ????????.",78.60 ??.,75.58 ??.,74.67 ??.,66.81 ??.,55.02 ??.,https://iglika.me/products_img/Product_details_JPG/1108b.jpg
70,????? ?? ??????,1109,341-MASK-POWDER,Mask Powder,????? ?? ????,????? ? ???????? ?????? ?? ? ?????????.,45.23 ??.,43.49 ??.,42.97 ??.,38.45 ??.,31.66 ??.,https://iglika.me/products_img/Product_details_JPG/1109b.jpg
71,????? ?? ??????,1041,645-PROTECTING-DAY-LOTION,Protecting Day Lotion,??????? ?????? ??????,???? ?????? ???????? ??????????????? SPF 20 ?????? ? ????????? ??????.,86.91 ??.,83.57 ??.,82.57 ??.,73.88 ??.,60.84 ??.,https://iglika.me/products_img/Product_details_JPG/1041b.jpg
72,????? ?? ??????,1042,559-SMOOTHING-EXFOLIATOR,Smoothing exfoliator,????????? ??????????,"???????? ???????? ?????? ? ???????? ??????????, ?? ??-?????? ????.",43.46 ??.,41.79 ??.,41.29 ??.,36.94 ??.,30.42 ??.,https://iglika.me/products_img/Product_details_JPG/1042b.jpg
73,????? ?? ??????,1048,647-ALOE-BODY-LOTION,Aloe Body Lotion,???? ?????? ?? ????,"????????? ?????????? ???????, ????? ????????? ?????? ? ? ?????? ??????????? ? ??????.",54.12 ??.,52.04 ??.,51.42 ??.,46.00 ??.,37.89 ??.,https://iglika.me/products_img/Product_details_JPG/1048b.jpg
74,????? ?? ??????,1049,564-ALOE-COOLING-LOTION,Aloe Cooling lotion,A??? o??????? ??????,?????????? ????????? ??????? ? ????????? ?????? ??????.,35.71 ??.,34.34 ??.,33.93 ??.,30.36 ??.,25.00 ??.,https://iglika.me/products_img/Product_details_JPG/1049b.jpg
75,????? ?? ??????,1050,040-ALOE-FIRST-SPRAY,Aloe First,???? ?????,"?????????? ??????? ?? ????? ?? ??????, ???????? ??? ?? ???? ????, ?????? ???????? ? ?????????? ??????? ??????? ?????????. ",47.05 ??.,45.24 ??.,44.70 ??.,39.99 ??.,32.93 ??.,https://iglika.me/products_img/Product_details_JPG/1050b.jpg
76,????? ?? ??????,1051,205-ALOE-MSM-GEL,Aloe MSM Gel,???? ??? ???,???????????? ?? ??????????? ?? ?????? ? ???????? ?????. ,54.79 ??.,52.68 ??.,52.05 ??.,46.57 ??.,38.35 ??.,https://iglika.me/products_img/Product_details_JPG/1051b.jpg
77,????? ?? ??????,1052,051-ALOE-PROPOLIS-CREME,Aloe Propolis Creme,???? ???????? ????,"?????????? A, E ? C ??????? ?? ??????????? ? ??????????? ?? ??????, ?????? ?????????? ?????? ?? ???????????? ?? ??????.",47.05 ??.,45.24 ??.,44.70 ??.,39.99 ??.,32.93 ??.,https://iglika.me/products_img/Product_details_JPG/1052b.jpg
78,????? ?? ??????,1110,063-ALOE-MOISTURIZING-LOTION,Aloe Moisturizing Lotion,?????????? ???? ??????,"??????? 100% ???????????? ??? ?? ???? ????, ????????, ????? ?? ???????? ????, ????? ?? ??????.",35.71 ??.,34.34 ??.,33.93 ??.,30.36 ??.,25.00 ??.,https://iglika.me/products_img/Product_details_JPG/1110b.jpg
79,????? ?? ??????,1053,617-SUNSCREEN-LOTION-MIT-FREE,Aloe sunscreen,???? ?????????,"???? ????????????? ??????? ???????? ????????????? SPF 30 ?????? ?? UVA ? UVB ????, ???? ????????????? ???? ?? ????.",49.43 ??.,47.53 ??.,46.96 ??.,42.02 ??.,34.60 ??.,https://iglika.me/products_img/Product_details_JPG/1053b.jpg
80,????? ?? ??????,1054,061-ALOE-VERA-GELLY,Aloe Vera Gelly,???? ???? ??? ?????,"????? ????????? ? ???????????? ?? ??????? ?? ???? ????, ?????????, ????????? ? ????????? ??????",35.71 ??.,34.34 ??.,33.93 ??.,30.36 ??.,25.00 ??.,https://iglika.me/products_img/Product_details_JPG/1054b.jpg
81,????? ???????,1055,284-AVOCADO-SOAP,Aloe Avocado Face & Body Soap,???? ? ??????? ????? ?? ???? ? ????,?????????? ????? ?? ?????? ?? ???? ? ???? ? ?????? ?? ????? ??????? ????????? ???????.,14.31 ??.,13.76 ??.,13.59 ??.,12.16 ??.,10.02 ??.,https://iglika.me/products_img/Product_details_JPG/1055b.jpg
82,????? ???????,1079,644-MALOSI-MENS-COLOGNE,Forever Malosi Fine Frangrance for Him,"?????? ""??????"" ?? ????","????????? ???????? ?? ??? ?????? ?? ??????? ?? ????????? ????? ? ??????? ?? ???? ???????????? ??? ??????, ????? ?????? ????? ??? ?????????? ?? ??????? ???? ???? ? ???????? ??????? ?????? ? ?????? ?? ?????.",79.76 ??.,76.69 ??.,75.77 ??.,67.79 ??.,55.83 ??.,https://iglika.me/products_img/Product_details_JPG/1079b.jpg
83,????? ???????,1080,643-ALOFA-WOMENS-PERFUME,Forever Alofa Fine Frangrance for Her,"?????? ""?????"" ?? ???","????????? ???????? ?? ??? ?????? ?? ??????? ?? ????????? ????? ? ??????? ?? ???? ???????????? ??? ??????, ????? ?????? ????? ??? ?????????? ?? ??????? ???? ???? ? ???????? ??????? ?????? ? ?????? ?? ?????.",79.76 ??.,76.69 ??.,75.77 ??.,67.79 ??.,55.83 ??.,https://iglika.me/products_img/Product_details_JPG/1080b.jpg
84,????? ???????,1081,642-NOURISHING-HAIR-OIL,Nourishing Hair Oil,??????????? ????? ?? ????, ???? ?????????? ????? ??? ???????? ????????? ?????????? ? ???????????.,66.06 ??.,63.52 ??.,62.76 ??.,56.15 ??.,46.24 ??.,https://iglika.me/products_img/Product_details_JPG/1081b.jpg
85,????? ???????,1115,067-ALOE-EVER-SHIELD-DEODORANT,Aloe Ever-Shield Deodorant Stick,??? ???? ??????????,??????? ??????? ??? ???????????? ??? ?? ???? ???? ?? ??????? ?????? ?????????? ????.,17.26 ??.,16.60 ??.,16.40 ??.,14.67 ??.,12.08 ??.,https://iglika.me/products_img/Product_details_JPG/1115b.jpg
86,????? ???????,1056,646-ALOE-BODY-WASH,Aloe Body Wash,???? ???-???,"??????? ??? ??????? ???????? ?????, ?? ????? ?????????? ??? ???????? ????? ?????????? ??????, ??????? ?????????? ? ? ??????? ???? ? ????????.",53.55 ??.,51.49 ??.,50.87 ??.,45.52 ??.,37.48 ??.,https://iglika.me/products_img/Product_details_JPG/1056b.jpg
87,????? ???????,1057,633-ALOE-LIQUID-SOAP-,Aloe Liquid Soap,???? ????? ?????,"????????? ? ????????, ????????? ?????? ?? ??-????, ??-?????? ? ??-??????. ",44.64 ??.,42.92 ??.,42.40 ??.,37.94 ??.,31.25 ??.,https://iglika.me/products_img/Product_details_JPG/1057b.jpg
88,????? ???????,1058,640-ALOE-JOJOBA-SHAMPOO,Aloe-Jojoba Shampoo,????-?????? ???????,"???????? ? ???? ???? ???? ??? ? ????????? ?????? ?????, ???? ??????? ? ????????? ?? ????????? ????????,",51.77 ??.,49.78 ??.,49.18 ??.,44.01 ??.,36.24 ??.,https://iglika.me/products_img/Product_details_JPG/1058b.jpg
89,????? ???????,1059,641-ALOE-JOJOBA-CONDITIONER,Aloe-Jojoba Conditioner,????-?????? ??????,"????????? ? ????????? ? ?????????, ???? ?????????, ???????? ? ????? ?????? ??-????? ?? ??????????. ",55.38 ??.,53.25 ??.,52.61 ??.,47.07 ??.,38.77 ??.,https://iglika.me/products_img/Product_details_JPG/1059b.jpg
90,????? ???????,1060,028-FOREVER-BRIGHT-TOOTH-GEL,Forever Bright Toothgel,??? ?? ???? ??????? ?????,????????? ??? ??????? ?????? ???? ???? ?? ??????? ?? ??????? ? ???????.,18.45 ??.,17.74 ??.,17.53 ??.,15.68 ??.,12.91 ??.,https://iglika.me/products_img/Product_details_JPG/1060b.jpg
91,????? ???????,1061,070-GENTLEMANS-PRIDE-AFTERSHAVE,Gentleman’s Pride After Shave Balm,?????? ?? ???? ????????,"???????? ??????????? ?????????? ?? ????????, ????? ?????????? ????????? ??????? ? ????????? ??????.",35.71 ??.,34.34 ??.,33.93 ??.,30.36 ??.,25.00 ??.,https://iglika.me/products_img/Product_details_JPG/1061b.jpg
92,??????,1063,001-A-TOUCH-OF-FOREVER,Touch of Forever,????????? ?? ???????,????? ????? ??? ?? ???? ????!,"1,160.99 ??.","1,116.34 ??.","1,102.94 ??.",986.84 ??.,812.70 ??.,https://iglika.me/products_img/Product_details_JPG/1063b.jpg
93,??????,1064,71633-ARGI-AND-ALOE-MINI-TRIPACK,ARGI+ & Aloe Mini TriPak,?????? ????+ ? ???? ????,????? ????? ???? ????????!,78.20 ??.,75.19 ??.,74.29 ??.,66.47 ??.,54.74 ??.,https://iglika.me/products_img/Product_details_JPG/1064b.jpg
94,??????,1083,456-VITAL-5,Vital5/Aloe Vera Gel,????? 5/???? ???? ???,"15-?????? ???????? ?? ?????????? ? ???????? ?? ????????? ? ???????, ????? ???? ?? ?? ??????? ?? ????????? ?????? ?????? ?? ?????? ? ???????.",577.76 ??.,555.54 ??.,548.87 ??.,491.10 ??.,404.43 ??.,https://iglika.me/products_img/Product_details_JPG/1083b.jpg
95,??????,1096,457-VITAL-5-BERRY,Vital5/Aloe Berry Nectar,????? 5/???? ???? ??????,"15-?????? ???????? ?? ?????????? ? ???????? ?? ????????? ? ???????, ????? ???? ?? ?? ??????? ?? ????????? ?????? ?????? ?? ?????? ? ???????.",577.76 ??.,555.54 ??.,548.87 ??.,491.10 ??.,404.43 ??.,https://iglika.me/products_img/Product_details_JPG/1096b.jpg
96,??????,1074,529-F15-BEGINNER-12-CHOCOLATE,F15 Beginner/Chocolate,?15 ?????????/???????,"15-?????? ???????? ?? ?????????? ? ???????? ?? ????????? ? ???????, ????? ???? ?? ?? ??????? ?? ????????? ?????? ?????? ?? ?????? ? ???????.",350.81 ??.,337.32 ??.,333.27 ??.,298.19 ??.,245.57 ??.,https://iglika.me/products_img/Product_details_JPG/1074b.jpg
97,??????,1086,528-F15-BEGINNER-12-VANILLA,F15 Beginner/Vanilla,?15 ?????????/???????,"15-?????? ???????? ?? ?????????? ? ???????? ?? ????????? ? ???????, ????? ???? ?? ?? ??????? ?? ????????? ?????? ?????? ?? ?????? ? ???????.",350.81 ??.,337.32 ??.,333.27 ??.,298.19 ??.,245.57 ??.,https://iglika.me/products_img/Product_details_JPG/1086b.jpg
98,??????,1087,533-F15-INTEBEGINNER-12-CHOCOLATE,F15 Intermediate/Chocolate,?15 ?????? ??????????/???????,"?????????? ??????? ???????? ????????, ????? ?? ?? ???????? ?? ?????????? ?????? ???? ?? ??????????, ????? ? ????????? ??????????.",350.81 ??.,337.32 ??.,333.27 ??.,298.19 ??.,245.57 ??.,https://iglika.me/products_img/Product_details_JPG/1074b.jpg
99,??????,1088,532-F15-INTERMEDIATE-12-VANILLA,F15 Intermediate/Vanilla,?15 ?????? ??????????/???????,"?????????? ??????? ???????? ????????, ????? ?? ?? ???????? ?? ?????????? ?????? ???? ?? ??????????, ????? ? ????????? ??????????.",350.81 ??.,337.32 ??.,333.27 ??.,298.19 ??.,245.57 ??.,https://iglika.me/products_img/Product_details_JPG/1086b.jpg
100,??????,1089,537-F15-ADVANCED-12-CHOCOLATE,F15 Advanced/Chocolate,?15 ??????????/???????,"?????????? ??????? ???????? ????????, ????? ?? ?? ???????? ?? ?????????? ?????? ???? ?? ??????????, ????? ? ????????? ??????????.",350.81 ??.,337.32 ??.,333.27 ??.,298.19 ??.,245.57 ??.,https://iglika.me/products_img/Product_details_JPG/1074b.jpg
101,??????,1090,536-F15-ADVANCED-12-VANILLA,F15 Advanced/Vanilla,?15 ??????????/???????,"?????????? ??????? ???????? ????????, ????? ?? ?? ???????? ?? ?????????? ?????? ???? ?? ??????????, ????? ? ????????? ??????????.",350.81 ??.,337.32 ??.,333.27 ??.,298.19 ??.,245.57 ??.,https://iglika.me/products_img/Product_details_JPG/1086b.jpg
102,??????,1073,475-C9-GEL-VANILLA,Clean-9/Gel-Vanilla,?????-9/???? ???? ???-???????,"?????????? ??????? ???????? ????????, ????? ?? ?? ???????? ?? ?????????? ?????? ???? ?? ??????????, ????? ? ????????? ??????????.",281.13 ??.,270.32 ??.,267.08 ??.,238.96 ??.,196.79 ??.,https://iglika.me/products_img/Product_details_JPG/1073b.jpg
103,??????,1091,476-C9-GEL-CHOCOLATE,Clean-9/Gel-Chocolate,?????-9/???? ???? ???-???????,"?????????? ??????? ???????? ????????, ????? ?? ?? ???????? ?? ?????????? ?????? ???? ?? ??????????, ????? ? ????????? ??????????.",281.13 ??.,270.32 ??.,267.08 ??.,238.96 ??.,196.79 ??.,https://iglika.me/products_img/Product_details_JPG/1091b.jpg
104,??????,1092,625-C9-BERRY-VANILLA,Clean-9/Berry-Vanilla,?????-9/???? ???? ??????-???????,"????? ?? ????????? ???????? ?? Forever Living Products, ????????????? ?? ?? ????????? ? ????????????? ?? ???????.",281.13 ??.,270.32 ??.,267.08 ??.,238.96 ??.,196.79 ??.,https://iglika.me/products_img/Product_details_JPG/1092b.jpg
105,??????,1093,626-C9-BERRY-CHOCOLATE,Clean-9/Berry-Chocolate,?????-9/???? ???? ??????-???????,"??? ??????? ????? ?? ????????? ???????? ??????? ?????? ??? ?? ?????????? ?????????? ?? ??????? ?????? ? 30% ????????, ???? ????? ???? ?? ?? ???????????.",281.13 ??.,270.32 ??.,267.08 ??.,238.96 ??.,196.79 ??.,https://iglika.me/products_img/Product_details_JPG/1093b.jpg
106,??????,1094,629-C9-PEACH-VANILLA,Clean-9/Peach-Vanilla,?????-9/???? ????????-???????,"?????????? ???????, ????? ?????????? 17 ????? ??????? ?? ?????????? ???????? ?? ?????? ??? ????????? ??????? ????.",281.13 ??.,270.32 ??.,267.08 ??.,238.96 ??.,196.79 ??.,https://iglika.me/products_img/Product_details_JPG/1094b.jpg
107,??????,1095,630-C9-PEACH-CHOCOLATE,Clean-9/Peach-Chocolate,?????-9/???? ????????-??????? ,"?????????? ???????, ????? ?????????? 17 ????? ??????? ?? ?????????? ???????? ?? ?????? ??? ????????? ????????? ????.",281.13 ??.,270.32 ??.,267.08 ??.,238.96 ??.,196.79 ??.,https://iglika.me/products_img/Product_details_JPG/1095b.jpg
108,??????? ?? ???????,1066,471-FOREVER-LITE-ULTRA-CHOCOLAT-15,Forever Lite Ultra with Aminotein chocolate,??????? ???? ????? ? ????????? ???????," ? ?????? ?????????? ???? ?? ???? ???? ?????? ? ???? ? ???????? ? ???? ???? ?????? ? ??????? ???? ? ????? ?? ????????????? ????, ????????? ?????????? ????????????. ",59.52 ??.,57.23 ??.,56.54 ??.,50.59 ??.,41.66 ??.,https://iglika.me/products_img/Product_details_JPG/1066b.jpg
109,??????? ?? ???????,1067,470-FOREVER-LITE-ULTRA-VANILLA-15,Forever Lite Ultra with Aminotein vanilla,??????? ???? ????? ? ????????? ???????,? ?????? ?? ???????? ??? ???? ???????? ??? ?? ???? ???? ?? 330 ?? ? ??? ????????? ????+.,59.52 ??.,57.23 ??.,56.54 ??.,50.59 ??.,41.66 ??.,https://iglika.me/products_img/Product_details_JPG/1067b.jpg
110,??????? ?? ???????,1068,656-FOREVER-PLANT-PROTEIN-POUCH,Forever Plant Protein,??????? ?????????? ???????,"???????????? ????????, ????? ?????? ?? ???????????? ?? ?????? ?????????, ???????? ? ??????? ?????? ???? ????? ?????????? ????????, ???????? ?? ???????????? ?? ????????? ? ??????????? ?? ???????? ?? ???????.",132.72 ??.,127.62 ??.,126.09 ??.,112.82 ??.,92.91 ??.,https://iglika.me/products_img/Product_details_JPG/1068b.jpg
111,??????? ?? ???????,1069,665-FOREVER-SENSATIABLE,Forever Sensatiable,??????? ???????????,???????? Vital5 ? ?????? ??????? ?? ?????????? ??????? ? ???? ?????? ?????. ,62.51 ??.,60.11 ??.,59.39 ??.,53.14 ??.,43.76 ??.,https://iglika.me/products_img/Product_details_JPG/1069b.jpg
112,??????? ?? ???????,1070,289-FOREVER-LEAN,Forever Lean,??????? ????,???????? Vital5 ? ?????? ??????? ?? ?????????? ??????? ? ???? ?????? ?????. ,89.90 ??.,86.44 ??.,85.40 ??.,76.41 ??.,62.93 ??.,https://iglika.me/products_img/Product_details_JPG/1070b.jpg
113,??????? ?? ???????,1071,520-FAST-BREAK-BARS,Forever FastBreak,??????? ???? ?????,"15-?????? ???????? ?? ?????????? ? ???????? ?? ????????? ? ???????, ????? ???? ?? ?? ??????? ?? ????????? ?????? ?????? ?? ?????? ? ???????.",10.72 ??.,10.31 ??.,10.19 ??.,9.11 ??.,7.51 ??.,https://iglika.me/products_img/Product_details_JPG/1071b.jpg
114,??????? ?? ???????,1111,463-FOREVER-THERM,Forever Therm,??????? ????,"????? ???, ??????? ? ????????? ?????? ?? ???????? ? ??????? ? ?????????? ??????????? ??.",82.72 ??.,79.54 ??.,78.59 ??.,70.31 ??.,57.91 ??.,https://iglika.me/products_img/Product_details_JPG/1111b.jpg
115,??????? ?? ???????,1112,071-GARCINIA-PLUS,Forever Garcinia Plus,??????? ???????? ????,????????????? ??????????????? ?? ?????????????? ? ?????? ??????. ,78.60 ??.,75.58 ??.,74.67 ??.,66.81 ??.,55.02 ??.,https://iglika.me/products_img/Product_details_JPG/1112b.jpg
116,??????? ?? ???????,1113,464-FOREVER-FIBER-30,Forever Fiber,??????? ?????,????? ????????? ????? ??? ???????????? ?? ????? ? ?????? ?????? ?????????.,55.37 ??.,51.51 ??.,52.60 ??.,47.07 ??.,38.76 ??.,https://iglika.me/products_img/Product_details_JPG/1113b.jpg
117,??????? ?? ???????,1074,529-F15-BEGINNER-12-CHOCOLATE,F15 Beginner/Chocolate,?15 ?????????/???????,"15-?????? ???????? ?? ?????????? ? ???????? ?? ????????? ? ???????, ????? ???? ?? ?? ??????? ?? ????????? ?????? ?????? ?? ?????? ? ???????.",350.81 ??.,337.32 ??.,333.27 ??.,298.19 ??.,245.57 ??.,https://iglika.me/products_img/Product_details_JPG/1074b.jpg
118,??????? ?? ???????,1086,528-F15-BEGINNER-12-VANILLA,F15 Beginner/Vanilla,?15 ?????????/???????,"15-?????? ???????? ?? ?????????? ? ???????? ?? ????????? ? ???????, ????? ???? ?? ?? ??????? ?? ????????? ?????? ?????? ?? ?????? ? ???????.",350.81 ??.,337.32 ??.,333.27 ??.,298.19 ??.,245.57 ??.,https://iglika.me/products_img/Product_details_JPG/1086b.jpg
119,??????? ?? ???????,1087,533-F15-INTEBEGINNER-12-CHOCOLATE,F15 Intermediate/Chocolate,?15 ?????? ??????????/???????,"?????????? ??????? ???????? ????????, ????? ?? ?? ???????? ?? ?????????? ?????? ???? ?? ??????????, ????? ? ????????? ??????????.",350.81 ??.,337.32 ??.,333.27 ??.,298.19 ??.,245.57 ??.,https://iglika.me/products_img/Product_details_JPG/1074b.jpg
120,??????? ?? ???????,1088,532-F15-INTERMEDIATE-12-VANILLA,F15 Intermediate/Vanilla,?15 ?????? ??????????/???????,"?????????? ??????? ???????? ????????, ????? ?? ?? ???????? ?? ?????????? ?????? ???? ?? ??????????, ????? ? ????????? ??????????.",350.81 ??.,337.32 ??.,333.27 ??.,298.19 ??.,245.57 ??.,https://iglika.me/products_img/Product_details_JPG/1086b.jpg
121,??????? ?? ???????,1089,537-F15-ADVANCED-12-CHOCOLATE,F15 Advanced/Chocolate,?15 ??????????/???????,"?????????? ??????? ???????? ????????, ????? ?? ?? ???????? ?? ?????????? ?????? ???? ?? ??????????, ????? ? ????????? ??????????.",350.81 ??.,337.32 ??.,333.27 ??.,298.19 ??.,245.57 ??.,https://iglika.me/products_img/Product_details_JPG/1074b.jpg
122,??????? ?? ???????,1090,536-F15-ADVANCED-12-VANILLA,F15 Advanced/Vanilla,?15 ??????????/???????,"?????????? ??????? ???????? ????????, ????? ?? ?? ???????? ?? ?????????? ?????? ???? ?? ??????????, ????? ? ????????? ??????????.",350.81 ??.,337.32 ??.,333.27 ??.,298.19 ??.,245.57 ??.,https://iglika.me/products_img/Product_details_JPG/1086b.jpg
123,??????? ?? ???????,1073,475-C9-GEL-VANILLA,Clean-9/Gel-Vanilla,?????-9/???? ???? ???-???????,"?????????? ??????? ???????? ????????, ????? ?? ?? ???????? ?? ?????????? ?????? ???? ?? ??????????, ????? ? ????????? ??????????.",281.13 ??.,270.32 ??.,267.08 ??.,238.96 ??.,196.79 ??.,https://iglika.me/products_img/Product_details_JPG/1073b.jpg
124,??????? ?? ???????,1091,476-C9-GEL-CHOCOLATE,Clean-9/Gel-Chocolate,?????-9/???? ???? ???-???????,"?????????? ??????? ???????? ????????, ????? ?? ?? ???????? ?? ?????????? ?????? ???? ?? ??????????, ????? ? ????????? ??????????.",281.13 ??.,270.32 ??.,267.08 ??.,238.96 ??.,196.79 ??.,https://iglika.me/products_img/Product_details_JPG/1091b.jpg
125,??????? ?? ???????,1092,625-C9-BERRY-VANILLA,Clean-9/Berry-Vanilla,?????-9/???? ???? ??????-???????,"????? ?? ????????? ???????? ?? Forever Living Products, ????????????? ?? ?? ????????? ? ????????????? ?? ???????.",281.13 ??.,270.32 ??.,267.08 ??.,238.96 ??.,196.79 ??.,https://iglika.me/products_img/Product_details_JPG/1092b.jpg
126,??????? ?? ???????,1093,626-C9-BERRY-CHOCOLATE,Clean-9/Berry-Chocolate,?????-9/???? ???? ??????-???????,"??? ??????? ????? ?? ????????? ???????? ??????? ?????? ??? ?? ?????????? ?????????? ?? ??????? ?????? ? 30% ????????, ???? ????? ???? ?? ?? ???????????.",281.13 ??.,270.32 ??.,267.08 ??.,238.96 ??.,196.79 ??.,https://iglika.me/products_img/Product_details_JPG/1093b.jpg
127,??????? ?? ???????,1094,629-C9-PEACH-VANILLA,Clean-9/Peach-Vanilla,?????-9/???? ????????-???????,"?????????? ???????, ????? ?????????? 17 ????? ??????? ?? ?????????? ???????? ?? ?????? ??? ????????? ??????? ????.",281.13 ??.,270.32 ??.,267.08 ??.,238.96 ??.,196.79 ??.,https://iglika.me/products_img/Product_details_JPG/1094b.jpg
128,??????? ?? ???????,1095,630-C9-PEACH-CHOCOLATE,Clean-9/Peach-Chocolate,?????-9/???? ????????-??????? ,"?????????? ???????, ????? ?????????? 17 ????? ??????? ?? ?????????? ???????? ?? ?????? ??? ????????? ????????? ????.",281.13 ??.,270.32 ??.,267.08 ??.,238.96 ??.,196.79 ??.,https://iglika.me/products_img/Product_details_JPG/1095b.jpg
